full_time_positions,class_100_total,class_100_ot,fiscal_year,variable,time_period,dept_name_raw,as_of_date,dept_name,dept_code,abbreviation
4,256771,2413,2018,Actual,Full Year,Atwater Kent Museum,2018-06-30,Atwater Kent Museum,18,Atwater Kent
0,0,0,2019,Actual,Full Year,Atwater Kent Museum,2019-06-30,Atwater Kent Museum,18,Atwater Kent
0,0,0,2020,Actual,Full Year,Atwater Kent Museum,2020-06-30,Atwater Kent Museum,18,Atwater Kent
0,0,0,2021,Target Budget,YTD,Atwater Kent Museum,2020-12-31,Atwater Kent Museum,18,Atwater Kent
0,0,0,2021,Actual,YTD,Atwater Kent Museum,2020-12-31,Atwater Kent Museum,18,Atwater Kent
0,0,0,2021,Adopted Budget,Full Year,Atwater Kent Museum,2020-12-31,Atwater Kent Museum,18,Atwater Kent
0,0,0,2021,Target Budget,Full Year,Atwater Kent Museum,2020-12-31,Atwater Kent Museum,18,Atwater Kent
0,0,0,2021,Current Projection,Full Year,Atwater Kent Museum,2020-12-31,Atwater Kent Museum,18,Atwater Kent
116,8324348,88050,2018,Actual,Full Year,Auditing,2018-06-30,City Controller's Office,61,
124,8650965,73243,2019,Actual,Full Year,Auditing,2019-06-30,City Controller's Office,61,
121,9466389,60388,2020,Actual,Full Year,Auditing,2020-06-30,City Controller's Office,61,
118,4671769,40000,2021,Target Budget,YTD,Auditing,2020-12-31,City Controller's Office,61,
118,4671769,147573,2021,Actual,YTD,Auditing,2020-12-31,City Controller's Office,61,
135,9045839,80000,2021,Adopted Budget,Full Year,Auditing,2020-12-31,City Controller's Office,61,
135,9045839,80000,2021,Target Budget,Full Year,Auditing,2020-12-31,City Controller's Office,61,
135,9045839,80000,2021,Current Projection,Full Year,Auditing,2020-12-31,City Controller's Office,61,
10,942040,0,2018,Actual,Full Year,Board of Ethics,2018-06-30,Board of Ethics,45,
10,875033,0,2019,Actual,Full Year,Board of Ethics,2019-06-30,Board of Ethics,45,
7,922164,0,2020,Actual,Full Year,Board of Ethics,2020-06-30,Board of Ethics,45,
8,371839,0,2021,Target Budget,YTD,Board of Ethics,2020-12-31,Board of Ethics,45,
8,371839,0,2021,Actual,YTD,Board of Ethics,2020-12-31,Board of Ethics,45,
10,915196,0,2021,Adopted Budget,Full Year,Board of Ethics,2020-12-31,Board of Ethics,45,
10,915196,0,2021,Target Budget,Full Year,Board of Ethics,2020-12-31,Board of Ethics,45,
10,915196,0,2021,Current Projection,Full Year,Board of Ethics,2020-12-31,Board of Ethics,45,
11,904051,0,2018,Actual,Full Year,Board of Revision of Taxes,2018-06-30,Board of Revision of Taxes,63,BRT
11,928286,190,2019,Actual,Full Year,Board of Revision of Taxes,2019-06-30,Board of Revision of Taxes,63,BRT
14,1044789,1967,2020,Actual,Full Year,Board of Revision of Taxes,2020-06-30,Board of Revision of Taxes,63,BRT
15,492741,0,2021,Target Budget,YTD,Board of Revision of Taxes,2020-12-31,Board of Revision of Taxes,63,BRT
15,492741,45,2021,Actual,YTD,Board of Revision of Taxes,2020-12-31,Board of Revision of Taxes,63,BRT
16,987587,0,2021,Adopted Budget,Full Year,Board of Revision of Taxes,2020-12-31,Board of Revision of Taxes,63,BRT
16,987587,0,2021,Target Budget,Full Year,Board of Revision of Taxes,2020-12-31,Board of Revision of Taxes,63,BRT
16,987587,90,2021,Current Projection,Full Year,Board of Revision of Taxes,2020-12-31,Board of Revision of Taxes,63,BRT
100,5524532,803429,2018,Actual,Full Year,City Commissioners,2018-06-30,City Commissioner's Office,73,City Commissioners
94,5830533,1033718,2019,Actual,Full Year,City Commissioners,2019-06-30,City Commissioner's Office,73,City Commissioners
98,7075077,1592963,2020,Actual,Full Year,City Commissioners,2020-06-30,City Commissioner's Office,73,City Commissioners
142,4219407,662971,2021,Target Budget,YTD,City Commissioners,2020-12-31,City Commissioner's Office,73,City Commissioners
142,4219407,1072644,2021,Actual,YTD,City Commissioners,2020-12-31,City Commissioner's Office,73,City Commissioners
105,6714174,1097554,2021,Adopted Budget,Full Year,City Commissioners,2020-12-31,City Commissioner's Office,73,City Commissioners
105,6714174,1325941,2021,Target Budget,Full Year,City Commissioners,2020-12-31,City Commissioner's Office,73,City Commissioners
105,6714174,2125941,2021,Current Projection,Full Year,City Commissioners,2020-12-31,City Commissioner's Office,73,City Commissioners
192,13909585,14624,2018,Actual,Full Year,City Council,2018-06-30,City Council,01,
197,14104805,2882,2019,Actual,Full Year,City Council,2019-06-30,City Council,01,
180,14433197,0,2020,Actual,Full Year,City Council,2020-06-30,City Council,01,
188,6886038,0,2021,Target Budget,YTD,City Council,2020-12-31,City Council,01,
188,6886038,0,2021,Actual,YTD,City Council,2020-12-31,City Council,01,
208,14877138,0,2021,Adopted Budget,Full Year,City Council,2020-12-31,City Council,01,
208,14877138,0,2021,Target Budget,Full Year,City Council,2020-12-31,City Council,01,
208,14877138,0,2021,Current Projection,Full Year,City Council,2020-12-31,City Council,01,
9,631584,4165,2018,Actual,Full Year,City Representative,2018-06-30,Office of the City Representative,41,City Rep
8,714833,2239,2019,Actual,Full Year,City Representative,2019-06-30,Office of the City Representative,41,City Rep
5,683372,0,2020,Actual,Full Year,City Representative,2020-06-30,Office of the City Representative,41,City Rep
0,0,0,2021,Target Budget,YTD,City Representative,2020-12-31,Office of the City Representative,41,City Rep
0,0,0,2021,Actual,YTD,City Representative,2020-12-31,Office of the City Representative,41,City Rep
0,0,0,2021,Adopted Budget,Full Year,City Representative,2020-12-31,Office of the City Representative,41,City Rep
0,0,0,2021,Target Budget,Full Year,City Representative,2020-12-31,Office of the City Representative,41,City Rep
0,0,0,2021,Current Projection,Full Year,City Representative,2020-12-31,Office of the City Representative,41,City Rep
15,1064446,0,2018,Actual,Full Year,City Treasurer,2018-06-30,Office of the City Treasurer,40,City Treasurer
16,1098380,3927,2019,Actual,Full Year,City Treasurer,2019-06-30,Office of the City Treasurer,40,City Treasurer
16,1268936,8586,2020,Actual,Full Year,City Treasurer,2020-06-30,Office of the City Treasurer,40,City Treasurer
14,614966,15799,2021,Target Budget,YTD,City Treasurer,2020-12-31,Office of the City Treasurer,40,City Treasurer
14,614966,24454,2021,Actual,YTD,City Treasurer,2020-12-31,Office of the City Treasurer,40,City Treasurer
18,1368170,0,2021,Adopted Budget,Full Year,City Treasurer,2020-12-31,Office of the City Treasurer,40,City Treasurer
18,1368170,31598,2021,Target Budget,Full Year,City Treasurer,2020-12-31,Office of the City Treasurer,40,City Treasurer
18,1368170,51598,2021,Current Projection,Full Year,City Treasurer,2020-12-31,Office of the City Treasurer,40,City Treasurer
2,163743,0,2018,Actual,Full Year,Civil Service Commission,2018-06-30,Civil Service Commission,55,
2,168597,0,2019,Actual,Full Year,Civil Service Commission,2019-06-30,Civil Service Commission,55,
2,160826,0,2020,Actual,Full Year,Civil Service Commission,2020-06-30,Civil Service Commission,55,
1,83258,0,2021,Target Budget,YTD,Civil Service Commission,2020-12-31,Civil Service Commission,55,
1,83258,0,2021,Actual,YTD,Civil Service Commission,2020-12-31,Civil Service Commission,55,
2,177148,0,2021,Adopted Budget,Full Year,Civil Service Commission,2020-12-31,Civil Service Commission,55,
2,177148,0,2021,Target Budget,Full Year,Civil Service Commission,2020-12-31,Civil Service Commission,55,
2,177148,0,2021,Current Projection,Full Year,Civil Service Commission,2020-12-31,Civil Service Commission,55,
31,2114325,1176,2018,Actual,Full Year,Commerce,2018-06-30,Office of the Director of Commerce,42,Commerce
48,3028159,5257,2019,Actual,Full Year,Commerce,2019-06-30,Office of the Director of Commerce,42,Commerce
44,3453180,6816,2020,Actual,Full Year,Commerce,2020-06-30,Office of the Director of Commerce,42,Commerce
40,1385055,5000,2021,Target Budget,YTD,Commerce,2020-12-31,Office of the Director of Commerce,42,Commerce
40,1385055,0,2021,Actual,YTD,Commerce,2020-12-31,Office of the Director of Commerce,42,Commerce
42,2394341,2000,2021,Adopted Budget,Full Year,Commerce,2020-12-31,Office of the Director of Commerce,42,Commerce
42,2499341,10000,2021,Target Budget,Full Year,Commerce,2020-12-31,Office of the Director of Commerce,42,Commerce
42,2499341,10000,2021,Current Projection,Full Year,Commerce,2020-12-31,Office of the Director of Commerce,42,Commerce
455,32249281,52297,2018,Actual,Full Year,District Attorney,2018-06-30,District Attorney's Office,69,DAO
491,34265564,155103,2019,Actual,Full Year,District Attorney,2019-06-30,District Attorney's Office,69,DAO
545,38029618,135138,2020,Actual,Full Year,District Attorney,2020-06-30,District Attorney's Office,69,DAO
513,19543433,53122,2021,Target Budget,YTD,District Attorney,2020-12-31,District Attorney's Office,69,DAO
549,19543433,228238,2021,Actual,YTD,District Attorney,2020-12-31,District Attorney's Office,69,DAO
513,30262904,201960,2021,Adopted Budget,Full Year,District Attorney,2020-12-31,District Attorney's Office,69,DAO
513,33762904,106244,2021,Target Budget,Full Year,District Attorney,2020-12-31,District Attorney's Office,69,DAO
513,33762904,106244,2021,Current Projection,Full Year,District Attorney,2020-12-31,District Attorney's Office,69,DAO
115,6963917,45510,2018,Actual,Full Year,Finance,2018-06-30,Office of the Director of Finance,35,Finance
116,7756138,74302,2019,Actual,Full Year,Finance,2019-06-30,Office of the Director of Finance,35,Finance
119,9222201,74119,2020,Actual,Full Year,Finance,2020-06-30,Office of the Director of Finance,35,Finance
121,4502154,39106,2021,Target Budget,YTD,Finance,2020-12-31,Office of the Director of Finance,35,Finance
121,4502154,57554,2021,Actual,YTD,Finance,2020-12-31,Office of the Director of Finance,35,Finance
131,10312396,60500,2021,Adopted Budget,Full Year,Finance,2020-12-31,Office of the Director of Finance,35,Finance
131,9917135,78211,2021,Target Budget,Full Year,Finance,2020-12-31,Office of the Director of Finance,35,Finance
131,9917135,78211,2021,Current Projection,Full Year,Finance,2020-12-31,Office of the Director of Finance,35,Finance
0,2556892,0,2018,Actual,Full Year,Finance Reg #32 Disability,2018-06-30,Finance: Reg #32,35-R32,
0,2413758,0,2019,Actual,Full Year,Finance Reg #32 Disability,2019-06-30,Finance: Reg #32,35-R32,
0,1092451,0,2020,Actual,Full Year,Finance Reg #32 Disability,2020-06-30,Finance: Reg #32,35-R32,
0,1149835,0,2021,Target Budget,YTD,Finance Reg #32 Disability,2020-12-31,Finance: Reg #32,35-R32,
0,1149835,0,2021,Actual,YTD,Finance Reg #32 Disability,2020-12-31,Finance: Reg #32,35-R32,
0,2650000,0,2021,Adopted Budget,Full Year,Finance Reg #32 Disability,2020-12-31,Finance: Reg #32,35-R32,
0,2650000,0,2021,Target Budget,Full Year,Finance Reg #32 Disability,2020-12-31,Finance: Reg #32,35-R32,
0,2650000,0,2021,Current Projection,Full Year,Finance Reg #32 Disability,2020-12-31,Finance: Reg #32,35-R32,
2511,244026657,36673566,2018,Actual,Full Year,Fire,2018-06-30,Fire Department,13,Fire
2530,283319650,50943620,2019,Actual,Full Year,Fire,2019-06-30,Fire Department,13,Fire
2628,303857650,63932091,2020,Actual,Full Year,Fire,2020-06-30,Fire Department,13,Fire
2717,156628321,29816964,2021,Target Budget,YTD,Fire,2020-12-31,Fire Department,13,Fire
2717,158629316,38258070,2021,Actual,YTD,Fire,2020-12-31,Fire Department,13,Fire
3368,289256642,47713783,2021,Adopted Budget,Full Year,Fire,2020-12-31,Fire Department,13,Fire
3368,313256642,59633927,2021,Target Budget,Full Year,Fire,2020-12-31,Fire Department,13,Fire
3368,313256642,66633927,2021,Current Projection,Full Year,Fire,2020-12-31,Fire Department,13,Fire
1867,98343914,25034,2018,Actual,Full Year,First Judicial District,2018-06-30,First Judicial District,84,FJD
1842,100719400,24242,2019,Actual,Full Year,First Judicial District,2019-06-30,First Judicial District,84,FJD
1825,103276427,47641,2020,Actual,Full Year,First Judicial District,2020-06-30,First Judicial District,84,FJD
1821,48081630,47420,2021,Target Budget,YTD,First Judicial District,2020-12-31,First Judicial District,84,FJD
1822,48081630,3872,2021,Actual,YTD,First Judicial District,2020-12-31,First Judicial District,84,FJD
1878,105324122,94840,2021,Adopted Budget,Full Year,First Judicial District,2020-12-31,First Judicial District,84,FJD
1878,105324122,94840,2021,Target Budget,Full Year,First Judicial District,2020-12-31,First Judicial District,84,FJD
1878,105324122,94840,2021,Current Projection,Full Year,First Judicial District,2020-12-31,First Judicial District,84,FJD
281,17532835,2249940,2018,Actual,Full Year,Fleet Management,2018-06-30,Office of Fleet Management,25,Fleet
286,18501080,2406919,2019,Actual,Full Year,Fleet Management,2019-06-30,Office of Fleet Management,25,Fleet
282,18563332,1679115,2020,Actual,Full Year,Fleet Management,2020-06-30,Office of Fleet Management,25,Fleet
277,8014837,721452,2021,Target Budget,YTD,Fleet Management,2020-12-31,Office of Fleet Management,25,Fleet
277,8014837,383290,2021,Actual,YTD,Fleet Management,2020-12-31,Office of Fleet Management,25,Fleet
312,19073455,1442904,2021,Adopted Budget,Full Year,Fleet Management,2020-12-31,Office of Fleet Management,25,Fleet
312,19073455,1442904,2021,Target Budget,Full Year,Fleet Management,2020-12-31,Office of Fleet Management,25,Fleet
312,19073455,1442904,2021,Current Projection,Full Year,Fleet Management,2020-12-31,Office of Fleet Management,25,Fleet
649,36929841,1576070,2018,Actual,Full Year,Free Library,2018-06-30,The Free Library of Philadelphia,52,Free Library
651,38004616,1667956,2019,Actual,Full Year,Free Library,2019-06-30,The Free Library of Philadelphia,52,Free Library
677,41221658,1646292,2020,Actual,Full Year,Free Library,2020-06-30,The Free Library of Philadelphia,52,Free Library
658,18041207,104624,2021,Target Budget,YTD,Free Library,2020-12-31,The Free Library of Philadelphia,52,Free Library
658,18041207,202188,2021,Actual,YTD,Free Library,2020-12-31,The Free Library of Philadelphia,52,Free Library
756,35549343,114541,2021,Adopted Budget,Full Year,Free Library,2020-12-31,The Free Library of Philadelphia,52,Free Library
756,35549343,209247,2021,Target Budget,Full Year,Free Library,2020-12-31,The Free Library of Philadelphia,52,Free Library
756,35549343,369247,2021,Current Projection,Full Year,Free Library,2020-12-31,The Free Library of Philadelphia,52,Free Library
32,2033062,0,2018,Actual,Full Year,Human Relations Commission,2018-06-30,Commission on Human Relations,54,Human Relations
32,2071428,0,2019,Actual,Full Year,Human Relations Commission,2019-06-30,Commission on Human Relations,54,Human Relations
34,2286672,23,2020,Actual,Full Year,Human Relations Commission,2020-06-30,Commission on Human Relations,54,Human Relations
33,1143312,0,2021,Target Budget,YTD,Human Relations Commission,2020-12-31,Commission on Human Relations,54,Human Relations
33,1143312,26289,2021,Actual,YTD,Human Relations Commission,2020-12-31,Commission on Human Relations,54,Human Relations
37,2360285,0,2021,Adopted Budget,Full Year,Human Relations Commission,2020-12-31,Commission on Human Relations,54,Human Relations
37,2360285,0,2021,Target Budget,Full Year,Human Relations Commission,2020-12-31,Commission on Human Relations,54,Human Relations
37,2360285,0,2021,Current Projection,Full Year,Human Relations Commission,2020-12-31,Commission on Human Relations,54,Human Relations
517,30712077,3968761,2018,Actual,Full Year,Human Services,2018-06-30,Department of Human Services,22,DHS
396,22738842,2644765,2019,Actual,Full Year,Human Services,2019-06-30,Department of Human Services,22,DHS
437,22404173,2993692,2020,Actual,Full Year,Human Services,2020-06-30,Department of Human Services,22,DHS
492,6333361,1550645,2021,Target Budget,YTD,Human Services,2020-12-31,Department of Human Services,22,DHS
492,6333361,627337,2021,Actual,YTD,Human Services,2020-12-31,Department of Human Services,22,DHS
492,31673433,3101290,2021,Adopted Budget,Full Year,Human Services,2020-12-31,Department of Human Services,22,DHS
492,32098433,3101290,2021,Target Budget,Full Year,Human Services,2020-12-31,Department of Human Services,22,DHS
492,32098433,3101290,2021,Current Projection,Full Year,Human Services,2020-12-31,Department of Human Services,22,DHS
20,1425750,71,2018,Actual,Full Year,Labor,2018-06-30,Labor,03,
22,1586766,274,2019,Actual,Full Year,Labor,2019-06-30,Labor,03,
27,1945732,986,2020,Actual,Full Year,Labor,2020-06-30,Labor,03,
27,973302,8,2021,Target Budget,YTD,Labor,2020-12-31,Labor,03,
27,973302,25,2021,Actual,YTD,Labor,2020-12-31,Labor,03,
35,2395467,18072,2021,Adopted Budget,Full Year,Labor,2020-12-31,Labor,03,
35,2395467,16,2021,Target Budget,Full Year,Labor,2020-12-31,Labor,03,
35,2395467,50,2021,Current Projection,Full Year,Labor,2020-12-31,Labor,03,
121,7978352,1254,2018,Actual,Full Year,Law,2018-06-30,Law Department,44,Law
128,8802032,72,2019,Actual,Full Year,Law,2019-06-30,Law Department,44,Law
130,9733493,6,2020,Actual,Full Year,Law,2020-06-30,Law Department,44,Law
129,4714621,50,2021,Target Budget,YTD,Law,2020-12-31,Law Department,44,Law
129,4714621,5758,2021,Actual,YTD,Law,2020-12-31,Law Department,44,Law
134,9520003,0,2021,Adopted Budget,Full Year,Law,2020-12-31,Law Department,44,Law
134,9520003,100,2021,Target Budget,Full Year,Law,2020-12-31,Law Department,44,Law
134,9520003,1700,2021,Current Projection,Full Year,Law,2020-12-31,Law Department,44,Law
396,22292655,1306891,2018,Actual,Full Year,Licenses & Inspections,2018-06-30,Department of Licenses and Inspections,26,L&I
372,23626633,1432352,2019,Actual,Full Year,Licenses & Inspections,2019-06-30,Department of Licenses and Inspections,26,L&I
394,24986716,1408144,2020,Actual,Full Year,Licenses & Inspections,2020-06-30,Department of Licenses and Inspections,26,L&I
399,11971526,660607,2021,Target Budget,YTD,Licenses & Inspections,2020-12-31,Department of Licenses and Inspections,26,L&I
399,11971526,322362,2021,Actual,YTD,Licenses & Inspections,2020-12-31,Department of Licenses and Inspections,26,L&I
423,23970217,1331213,2021,Adopted Budget,Full Year,Licenses & Inspections,2020-12-31,Department of Licenses and Inspections,26,L&I
423,23970217,1321213,2021,Target Budget,Full Year,Licenses & Inspections,2020-12-31,Department of Licenses and Inspections,26,L&I
423,23970217,1321213,2021,Current Projection,Full Year,Licenses & Inspections,2020-12-31,Department of Licenses and Inspections,26,L&I
1,67339,0,2018,Actual,Full Year,L&I-Board of Building Standards,2018-06-30,L&I: Board of Building and Standards,29,
1,83562,0,2019,Actual,Full Year,L&I-Board of Building Standards,2019-06-30,L&I: Board of Building and Standards,29,
1,79592,0,2020,Actual,Full Year,L&I-Board of Building Standards,2020-06-30,L&I: Board of Building and Standards,29,
1,40070,0,2021,Target Budget,YTD,L&I-Board of Building Standards,2020-12-31,L&I: Board of Building and Standards,29,
1,40070,0,2021,Actual,YTD,L&I-Board of Building Standards,2020-12-31,L&I: Board of Building and Standards,29,
1,82018,0,2021,Adopted Budget,Full Year,L&I-Board of Building Standards,2020-12-31,L&I: Board of Building and Standards,29,
1,82018,0,2021,Target Budget,Full Year,L&I-Board of Building Standards,2020-12-31,L&I: Board of Building and Standards,29,
1,82018,0,2021,Current Projection,Full Year,L&I-Board of Building Standards,2020-12-31,L&I: Board of Building and Standards,29,
2,143207,1372,2018,Actual,Full Year,L&I-Board of L & I Review,2018-06-30,L&I: Board of Review,27,
2,129561,1164,2019,Actual,Full Year,L&I-Board of L & I Review,2019-06-30,L&I: Board of Review,27,
2,126329,35,2020,Actual,Full Year,L&I-Board of L & I Review,2020-06-30,L&I: Board of Review,27,
2,62799,0,2021,Target Budget,YTD,L&I-Board of L & I Review,2020-12-31,L&I: Board of Review,27,
2,62799,0,2021,Actual,YTD,L&I-Board of L & I Review,2020-12-31,L&I: Board of Review,27,
2,165635,0,2021,Adopted Budget,Full Year,L&I-Board of L & I Review,2020-12-31,L&I: Board of Review,27,
2,165635,0,2021,Target Budget,Full Year,L&I-Board of L & I Review,2020-12-31,L&I: Board of Review,27,
2,165635,0,2021,Current Projection,Full Year,L&I-Board of L & I Review,2020-12-31,L&I: Board of Review,27,
307,20292249,471245,2018,Actual,Full Year,Managing Director,2018-06-30,Managing Director's Office,10,MDO
307,20519487,501777,2019,Actual,Full Year,Managing Director,2019-06-30,Managing Director's Office,10,MDO
287,40052290,1088557,2020,Actual,Full Year,Managing Director,2020-06-30,Managing Director's Office,10,MDO
287,12741540,489855,2021,Target Budget,YTD,Managing Director,2020-12-31,Managing Director's Office,10,MDO
287,12741540,215361,2021,Actual,YTD,Managing Director,2020-12-31,Managing Director's Office,10,MDO
317,36119907,660000,2021,Adopted Budget,Full Year,Managing Director,2020-12-31,Managing Director's Office,10,MDO
317,35454287,979709,2021,Target Budget,Full Year,Managing Director,2020-12-31,Managing Director's Office,10,MDO
317,45819287,979709,2021,Current Projection,Full Year,Managing Director,2020-12-31,Managing Director's Office,10,MDO
41,3487719,0,2018,Actual,Full Year,Mayor's Office,2018-06-30,Mayor's Office,05,Mayor
51,4779593,0,2019,Actual,Full Year,Mayor's Office,2019-06-30,Mayor's Office,05,Mayor
61,5526098,88,2020,Actual,Full Year,Mayor's Office,2020-06-30,Mayor's Office,05,Mayor
60,2793602,0,2021,Target Budget,YTD,Mayor's Office,2020-12-31,Mayor's Office,05,Mayor
57,2793602,0,2021,Actual,YTD,Mayor's Office,2020-12-31,Mayor's Office,05,Mayor
65,5775991,0,2021,Adopted Budget,Full Year,Mayor's Office,2020-12-31,Mayor's Office,05,Mayor
65,5808491,0,2021,Target Budget,Full Year,Mayor's Office,2020-12-31,Mayor's Office,05,Mayor
65,5808491,0,2021,Current Projection,Full Year,Mayor's Office,2020-12-31,Mayor's Office,05,Mayor
2,233263,0,2018,Actual,Full Year,Mayor's Office of Community Empowerment and Opportunity,2018-06-30,Mayor's Office of Community Empowerment and Opportunity,08,CEO
0,90000,0,2019,Actual,Full Year,Mayor's Office of Community Empowerment and Opportunity,2019-06-30,Mayor's Office of Community Empowerment and Opportunity,08,CEO
0,90000,0,2020,Actual,Full Year,Mayor's Office of Community Empowerment and Opportunity,2020-06-30,Mayor's Office of Community Empowerment and Opportunity,08,CEO
0,0,0,2021,Target Budget,YTD,Mayor's Office of Community Empowerment and Opportunity,2020-12-31,Mayor's Office of Community Empowerment and Opportunity,08,CEO
0,0,0,2021,Actual,YTD,Mayor's Office of Community Empowerment and Opportunity,2020-12-31,Mayor's Office of Community Empowerment and Opportunity,08,CEO
0,45000,0,2021,Adopted Budget,Full Year,Mayor's Office of Community Empowerment and Opportunity,2020-12-31,Mayor's Office of Community Empowerment and Opportunity,08,CEO
0,45000,0,2021,Target Budget,Full Year,Mayor's Office of Community Empowerment and Opportunity,2020-12-31,Mayor's Office of Community Empowerment and Opportunity,08,CEO
0,45000,0,2021,Current Projection,Full Year,Mayor's Office of Community Empowerment and Opportunity,2020-12-31,Mayor's Office of Community Empowerment and Opportunity,08,CEO
11,545525,28588,2018,Actual,Full Year,Mural Arts Program,2018-06-30,Mural Arts Program,50,Mural Arts
11,587931,16444,2019,Actual,Full Year,Mural Arts Program,2019-06-30,Mural Arts Program,50,Mural Arts
10,598178,11874,2020,Actual,Full Year,Mural Arts Program,2020-06-30,Mural Arts Program,50,Mural Arts
10,250633,17907,2021,Target Budget,YTD,Mural Arts Program,2020-12-31,Mural Arts Program,50,Mural Arts
10,250633,1566,2021,Actual,YTD,Mural Arts Program,2020-12-31,Mural Arts Program,50,Mural Arts
10,578952,35814,2021,Adopted Budget,Full Year,Mural Arts Program,2020-12-31,Mural Arts Program,50,Mural Arts
10,578952,35814,2021,Target Budget,Full Year,Mural Arts Program,2020-12-31,Mural Arts Program,50,Mural Arts
10,578952,25814,2021,Current Projection,Full Year,Mural Arts Program,2020-12-31,Mural Arts Program,50,Mural Arts
5,274563,0,2018,Actual,Full Year,Office of Arts and Culture,2018-06-30,"Office of Arts, Culture, and the Creative Economy",58,Arts & Culture
7,453399,40,2019,Actual,Full Year,Office of Arts and Culture,2019-06-30,"Office of Arts, Culture, and the Creative Economy",58,Arts & Culture
2,544982,150,2020,Actual,Full Year,Office of Arts and Culture,2020-06-30,"Office of Arts, Culture, and the Creative Economy",58,Arts & Culture
0,0,0,2021,Target Budget,YTD,Office of Arts and Culture,2020-12-31,"Office of Arts, Culture, and the Creative Economy",58,Arts & Culture
0,0,0,2021,Actual,YTD,Office of Arts and Culture,2020-12-31,"Office of Arts, Culture, and the Creative Economy",58,Arts & Culture
0,0,0,2021,Adopted Budget,Full Year,Office of Arts and Culture,2020-12-31,"Office of Arts, Culture, and the Creative Economy",58,Arts & Culture
0,0,0,2021,Target Budget,Full Year,Office of Arts and Culture,2020-12-31,"Office of Arts, Culture, and the Creative Economy",58,Arts & Culture
0,0,0,2021,Current Projection,Full Year,Office of Arts and Culture,2020-12-31,"Office of Arts, Culture, and the Creative Economy",58,Arts & Culture
16,1558164,6737,2018,Actual,Full Year,Office of Behavioral Health and Intellectual disAbility,2018-06-30,Behavioral Health and Intellectual Disability Services,15,DBH/IDS
16,1580748,6906,2019,Actual,Full Year,Office of Behavioral Health and Intellectual disAbility,2019-06-30,Behavioral Health and Intellectual Disability Services,15,DBH/IDS
24,1550431,6636,2020,Actual,Full Year,Office of Behavioral Health and Intellectual disAbility,2020-06-30,Behavioral Health and Intellectual Disability Services,15,DBH/IDS
24,744157,3250,2021,Target Budget,YTD,Office of Behavioral Health and Intellectual disAbility,2020-12-31,Behavioral Health and Intellectual Disability Services,15,DBH/IDS
24,744157,2154,2021,Actual,YTD,Office of Behavioral Health and Intellectual disAbility,2020-12-31,Behavioral Health and Intellectual Disability Services,15,DBH/IDS
24,1546510,6500,2021,Adopted Budget,Full Year,Office of Behavioral Health and Intellectual disAbility,2020-12-31,Behavioral Health and Intellectual Disability Services,15,DBH/IDS
24,1546510,6500,2021,Target Budget,Full Year,Office of Behavioral Health and Intellectual disAbility,2020-12-31,Behavioral Health and Intellectual Disability Services,15,DBH/IDS
24,1546510,6500,2021,Current Projection,Full Year,Office of Behavioral Health and Intellectual disAbility,2020-12-31,Behavioral Health and Intellectual Disability Services,15,DBH/IDS
58,4045694,54046,2018,Actual,Full Year,Office of the Chief Administrative Officer,2018-06-30,Office of the Chief Administrative Officer,65,CAO
56,3831785,21904,2019,Actual,Full Year,Office of the Chief Administrative Officer,2019-06-30,Office of the Chief Administrative Officer,65,CAO
64,4435378,2621,2020,Actual,Full Year,Office of the Chief Administrative Officer,2020-06-30,Office of the Chief Administrative Officer,65,CAO
61,2010444,4099,2021,Target Budget,YTD,Office of the Chief Administrative Officer,2020-12-31,Office of the Chief Administrative Officer,65,CAO
61,2010444,427,2021,Actual,YTD,Office of the Chief Administrative Officer,2020-12-31,Office of the Chief Administrative Officer,65,CAO
68,4256565,15429,2021,Adopted Budget,Full Year,Office of the Chief Administrative Officer,2020-12-31,Office of the Chief Administrative Officer,65,CAO
68,4256565,8198,2021,Target Budget,Full Year,Office of the Chief Administrative Officer,2020-12-31,Office of the Chief Administrative Officer,65,CAO
68,4256565,8198,2021,Current Projection,Full Year,Office of the Chief Administrative Officer,2020-12-31,Office of the Chief Administrative Officer,65,CAO
33,2215607,0,2018,Actual,Full Year,Office of Children and Families,2018-06-30,Office of Children and Families,66,OCF
32,2318022,0,2019,Actual,Full Year,Office of Children and Families,2019-06-30,Office of Children and Families,66,OCF
40,2789271,0,2020,Actual,Full Year,Office of Children and Families,2020-06-30,Office of Children and Families,66,OCF
3,204955,0,2021,Target Budget,YTD,Office of Children and Families,2020-12-31,Office of Children and Families,66,OCF
3,204955,0,2021,Actual,YTD,Office of Children and Families,2020-12-31,Office of Children and Families,66,OCF
3,418820,0,2021,Adopted Budget,Full Year,Office of Children and Families,2020-12-31,Office of Children and Families,66,OCF
3,418820,0,2021,Target Budget,Full Year,Office of Children and Families,2020-12-31,Office of Children and Families,66,OCF
3,418820,0,2021,Current Projection,Full Year,Office of Children and Families,2020-12-31,Office of Children and Families,66,OCF
150,8685048,145390,2018,Actual,Full Year,Office of Homeless Services,2018-06-30,Office of Homeless Services,24,OHS
151,9056465,201728,2019,Actual,Full Year,Office of Homeless Services,2019-06-30,Office of Homeless Services,24,OHS
151,9589667,332810,2020,Actual,Full Year,Office of Homeless Services,2020-06-30,Office of Homeless Services,24,OHS
126,4268105,119398,2021,Target Budget,YTD,Office of Homeless Services,2020-12-31,Office of Homeless Services,24,OHS
126,4268105,151359,2021,Actual,YTD,Office of Homeless Services,2020-12-31,Office of Homeless Services,24,OHS
143,8068689,238796,2021,Adopted Budget,Full Year,Office of Homeless Services,2020-12-31,Office of Homeless Services,24,OHS
143,7618135,238796,2021,Target Budget,Full Year,Office of Homeless Services,2020-12-31,Office of Homeless Services,24,OHS
143,7618135,283796,2021,Current Projection,Full Year,Office of Homeless Services,2020-12-31,Office of Homeless Services,24,OHS
78,4766878,44902,2018,Actual,Full Year,Office of Human Resources,2018-06-30,Office of Human Resources,56,OHR
77,4913051,45485,2019,Actual,Full Year,Office of Human Resources,2019-06-30,Office of Human Resources,56,OHR
79,5185267,63347,2020,Actual,Full Year,Office of Human Resources,2020-06-30,Office of Human Resources,56,OHR
78,2523345,6286,2021,Target Budget,YTD,Office of Human Resources,2020-12-31,Office of Human Resources,56,OHR
78,2523345,39421,2021,Actual,YTD,Office of Human Resources,2020-12-31,Office of Human Resources,56,OHR
75,5290733,0,2021,Adopted Budget,Full Year,Office of Human Resources,2020-12-31,Office of Human Resources,56,OHR
75,5290733,12572,2021,Target Budget,Full Year,Office of Human Resources,2020-12-31,Office of Human Resources,56,OHR
75,5290733,51572,2021,Current Projection,Full Year,Office of Human Resources,2020-12-31,Office of Human Resources,56,OHR
284,20852810,561859,2018,Actual,Full Year,Office of Innovation and Technology,2018-06-30,Office of Innovation and Technology,04,OIT
277,20875286,489644,2019,Actual,Full Year,Office of Innovation and Technology,2019-06-30,Office of Innovation and Technology,04,OIT
317,24148702,486875,2020,Actual,Full Year,Office of Innovation and Technology,2020-06-30,Office of Innovation and Technology,04,OIT
303,11781813,201886,2021,Target Budget,YTD,Office of Innovation and Technology,2020-12-31,Office of Innovation and Technology,04,OIT
303,11781813,150041,2021,Actual,YTD,Office of Innovation and Technology,2020-12-31,Office of Innovation and Technology,04,OIT
358,24163694,546520,2021,Adopted Budget,Full Year,Office of Innovation and Technology,2020-12-31,Office of Innovation and Technology,04,OIT
360,24828634,403770,2021,Target Budget,Full Year,Office of Innovation and Technology,2020-12-31,Office of Innovation and Technology,04,OIT
360,24828634,337770,2021,Current Projection,Full Year,Office of Innovation and Technology,2020-12-31,Office of Innovation and Technology,04,OIT
19,1409169,0,2018,Actual,Full Year,Office of the Inspector General,2018-06-30,Office of the Inspector General,48,OIG
18,1415627,0,2019,Actual,Full Year,Office of the Inspector General,2019-06-30,Office of the Inspector General,48,OIG
16,1397115,0,2020,Actual,Full Year,Office of the Inspector General,2020-06-30,Office of the Inspector General,48,OIG
16,617320,0,2021,Target Budget,YTD,Office of the Inspector General,2020-12-31,Office of the Inspector General,48,OIG
16,617320,0,2021,Actual,YTD,Office of the Inspector General,2020-12-31,Office of the Inspector General,48,OIG
19,1472481,0,2021,Adopted Budget,Full Year,Office of the Inspector General,2020-12-31,Office of the Inspector General,48,OIG
19,1472481,0,2021,Target Budget,Full Year,Office of the Inspector General,2020-12-31,Office of the Inspector General,48,OIG
19,1472481,0,2021,Current Projection,Full Year,Office of the Inspector General,2020-12-31,Office of the Inspector General,48,OIG
193,11852174,29688,2018,Actual,Full Year,Office of Property Assessment,2018-06-30,Office of Property Assessment,59,OPA
196,12500926,94062,2019,Actual,Full Year,Office of Property Assessment,2019-06-30,Office of Property Assessment,59,OPA
195,13142246,73955,2020,Actual,Full Year,Office of Property Assessment,2020-06-30,Office of Property Assessment,59,OPA
193,6623258,17406,2021,Target Budget,YTD,Office of Property Assessment,2020-12-31,Office of Property Assessment,59,OPA
193,6623258,86947,2021,Actual,YTD,Office of Property Assessment,2020-12-31,Office of Property Assessment,59,OPA
220,12918061,50000,2021,Adopted Budget,Full Year,Office of Property Assessment,2020-12-31,Office of Property Assessment,59,OPA
230,13428399,34812,2021,Target Budget,Full Year,Office of Property Assessment,2020-12-31,Office of Property Assessment,59,OPA
230,13428399,104812,2021,Current Projection,Full Year,Office of Property Assessment,2020-12-31,Office of Property Assessment,59,OPA
9,498576,495,2018,Actual,Full Year,Office of Sustainability,2018-06-30,Office of Sustainability,49,Sustainability
9,548133,139,2019,Actual,Full Year,Office of Sustainability,2019-06-30,Office of Sustainability,49,Sustainability
7,566858,79,2020,Actual,Full Year,Office of Sustainability,2020-06-30,Office of Sustainability,49,Sustainability
8,272279,100,2021,Target Budget,YTD,Office of Sustainability,2020-12-31,Office of Sustainability,49,Sustainability
8,272279,0,2021,Actual,YTD,Office of Sustainability,2020-12-31,Office of Sustainability,49,Sustainability
12,603814,0,2021,Adopted Budget,Full Year,Office of Sustainability,2020-12-31,Office of Sustainability,49,Sustainability
14,679853,200,2021,Target Budget,Full Year,Office of Sustainability,2020-12-31,Office of Sustainability,49,Sustainability
14,679853,200,2021,Current Projection,Full Year,Office of Sustainability,2020-12-31,Office of Sustainability,49,Sustainability
629,47030321,3720838,2018,Actual,Full Year,Parks and Recreation,2018-06-30,Department of Parks and Recreation,16,Parks & Recreation
647,48579951,3538131,2019,Actual,Full Year,Parks and Recreation,2019-06-30,Department of Parks and Recreation,16,Parks & Recreation
647,50465519,3182453,2020,Actual,Full Year,Parks and Recreation,2020-06-30,Department of Parks and Recreation,16,Parks & Recreation
632,20405207,1315679,2021,Target Budget,YTD,Parks and Recreation,2020-12-31,Department of Parks and Recreation,16,Parks & Recreation
632,20405207,719471,2021,Actual,YTD,Parks and Recreation,2020-12-31,Department of Parks and Recreation,16,Parks & Recreation
748,46921787,2766357,2021,Adopted Budget,Full Year,Parks and Recreation,2020-12-31,Department of Parks and Recreation,16,Parks & Recreation
748,46921787,2631357,2021,Target Budget,Full Year,Parks and Recreation,2020-12-31,Department of Parks and Recreation,16,Parks & Recreation
748,46921787,2131357,2021,Current Projection,Full Year,Parks and Recreation,2020-12-31,Department of Parks and Recreation,16,Parks & Recreation
49,3894669,15829,2018,Actual,Full Year,Planning and Development,2018-06-30,Department of Planning and Development,72,Planning & Development
56,4695950,14817,2019,Actual,Full Year,Planning and Development,2019-06-30,Department of Planning and Development,72,Planning & Development
55,4778297,13575,2020,Actual,Full Year,Planning and Development,2020-06-30,Department of Planning and Development,72,Planning & Development
53,2144967,4672,2021,Target Budget,YTD,Planning and Development,2020-12-31,Department of Planning and Development,72,Planning & Development
53,2144967,3833,2021,Actual,YTD,Planning and Development,2020-12-31,Department of Planning and Development,72,Planning & Development
62,4834959,0,2021,Adopted Budget,Full Year,Planning and Development,2020-12-31,Department of Planning and Development,72,Planning & Development
62,4834959,9344,2021,Target Budget,Full Year,Planning and Development,2020-12-31,Department of Planning and Development,72,Planning & Development
62,4834959,9344,2021,Current Projection,Full Year,Planning and Development,2020-12-31,Department of Planning and Development,72,Planning & Development
7172,670260752,68238536,2018,Actual,Full Year,Police,2018-06-30,Police Department,11,Police
7241,685445815,61647723,2019,Actual,Full Year,Police,2019-06-30,Police Department,11,Police
7175,736072678,78667457,2020,Actual,Full Year,Police,2020-06-30,Police Department,11,Police
7031,349631472,30748941,2021,Target Budget,YTD,Police,2020-12-31,Police Department,11,Police
7031,349631472,41835120,2021,Actual,YTD,Police,2020-12-31,Police Department,11,Police
7304,704077967,51104605,2021,Adopted Budget,Full Year,Police,2020-12-31,Police Department,11,Police
7304,704077967,61497881,2021,Target Budget,Full Year,Police,2020-12-31,Police Department,11,Police
7304,704077967,64497881,2021,Current Projection,Full Year,Police,2020-12-31,Police Department,11,Police
2177,149461785,33450882,2018,Actual,Full Year,Prisons,2018-06-30,Philadelphia Prison System,23,Prisons
2130,138537912,24169020,2019,Actual,Full Year,Prisons,2019-06-30,Philadelphia Prison System,23,Prisons
1975,137253128,26918548,2020,Actual,Full Year,Prisons,2020-06-30,Philadelphia Prison System,23,Prisons
1822,59371400,12526229,2021,Target Budget,YTD,Prisons,2020-12-31,Philadelphia Prison System,23,Prisons
1822,59371400,11312502,2021,Actual,YTD,Prisons,2020-12-31,Philadelphia Prison System,23,Prisons
2006,126599446,23637781,2021,Adopted Budget,Full Year,Prisons,2020-12-31,Philadelphia Prison System,23,Prisons
2006,126599446,25052457,2021,Target Budget,Full Year,Prisons,2020-12-31,Philadelphia Prison System,23,Prisons
2006,126599446,25052457,2021,Current Projection,Full Year,Prisons,2020-12-31,Philadelphia Prison System,23,Prisons
46,2450043,8930,2018,Actual,Full Year,Procurement,2018-06-30,Procurement Department,38,Procurement
41,2402513,5647,2019,Actual,Full Year,Procurement,2019-06-30,Procurement Department,38,Procurement
42,2519208,5390,2020,Actual,Full Year,Procurement,2020-06-30,Procurement Department,38,Procurement
37,1219350,5927,2021,Target Budget,YTD,Procurement,2020-12-31,Procurement Department,38,Procurement
37,1219350,11986,2021,Actual,YTD,Procurement,2020-12-31,Procurement Department,38,Procurement
42,2436508,6000,2021,Adopted Budget,Full Year,Procurement,2020-12-31,Procurement Department,38,Procurement
42,2436508,11854,2021,Target Budget,Full Year,Procurement,2020-12-31,Procurement Department,38,Procurement
42,2436508,23854,2021,Current Projection,Full Year,Procurement,2020-12-31,Procurement Department,38,Procurement
711,54999157,2300499,2018,Actual,Full Year,Public Health,2018-06-30,Department of Public Health,14,Public Health
752,57173653,2346586,2019,Actual,Full Year,Public Health,2019-06-30,Department of Public Health,14,Public Health
739,60130461,2602722,2020,Actual,Full Year,Public Health,2020-06-30,Department of Public Health,14,Public Health
719,28977268,1054616,2021,Target Budget,YTD,Public Health,2020-12-31,Department of Public Health,14,Public Health
719,28977268,1152620,2021,Actual,YTD,Public Health,2020-12-31,Department of Public Health,14,Public Health
818,57654465,1432800,2021,Adopted Budget,Full Year,Public Health,2020-12-31,Department of Public Health,14,Public Health
818,58270680,2109232,2021,Target Budget,Full Year,Public Health,2020-12-31,Department of Public Health,14,Public Health
818,58270680,2299232,2021,Current Projection,Full Year,Public Health,2020-12-31,Department of Public Health,14,Public Health
135,8797024,855977,2018,Actual,Full Year,Public Property,2018-06-30,Department of Public Property,20,Public Property
135,8875590,839027,2019,Actual,Full Year,Public Property,2019-06-30,Department of Public Property,20,Public Property
119,8610609,800350,2020,Actual,Full Year,Public Property,2020-06-30,Department of Public Property,20,Public Property
146,4614703,305980,2021,Target Budget,YTD,Public Property,2020-12-31,Department of Public Property,20,Public Property
146,4614703,91395,2021,Actual,YTD,Public Property,2020-12-31,Department of Public Property,20,Public Property
176,10101149,937774,2021,Adopted Budget,Full Year,Public Property,2020-12-31,Department of Public Property,20,Public Property
176,10101149,611960,2021,Target Budget,Full Year,Public Property,2020-12-31,Department of Public Property,20,Public Property
176,10101149,211960,2021,Current Projection,Full Year,Public Property,2020-12-31,Department of Public Property,20,Public Property
57,3004442,80622,2018,Actual,Full Year,Records,2018-06-30,Department of Records,31,Records
55,2983490,63145,2019,Actual,Full Year,Records,2019-06-30,Department of Records,31,Records
51,2995101,55381,2020,Actual,Full Year,Records,2020-06-30,Department of Records,31,Records
49,1367555,21280,2021,Target Budget,YTD,Records,2020-12-31,Department of Records,31,Records
49,1367555,3002,2021,Actual,YTD,Records,2020-12-31,Department of Records,31,Records
55,3117312,36508,2021,Adopted Budget,Full Year,Records,2020-12-31,Department of Records,31,Records
55,3117312,42559,2021,Target Budget,Full Year,Records,2020-12-31,Department of Records,31,Records
55,3117312,42559,2021,Current Projection,Full Year,Records,2020-12-31,Department of Records,31,Records
71,4021761,0,2018,Actual,Full Year,Register of Wills,2018-06-30,Register of Wills,68,
70,4262942,1488,2019,Actual,Full Year,Register of Wills,2019-06-30,Register of Wills,68,
66,4523524,399,2020,Actual,Full Year,Register of Wills,2020-06-30,Register of Wills,68,
70,2076329,0,2021,Target Budget,YTD,Register of Wills,2020-12-31,Register of Wills,68,
70,2076329,0,2021,Actual,YTD,Register of Wills,2020-12-31,Register of Wills,68,
70,3956193,0,2021,Adopted Budget,Full Year,Register of Wills,2020-12-31,Register of Wills,68,
70,3956193,0,2021,Target Budget,Full Year,Register of Wills,2020-12-31,Register of Wills,68,
70,3956193,0,2021,Current Projection,Full Year,Register of Wills,2020-12-31,Register of Wills,68,
414,21536327,414990,2018,Actual,Full Year,Revenue,2018-06-30,Department of Revenue,36,Revenue
405,22700386,367414,2019,Actual,Full Year,Revenue,2019-06-30,Department of Revenue,36,Revenue
402,23489160,295650,2020,Actual,Full Year,Revenue,2020-06-30,Department of Revenue,36,Revenue
398,11045382,84699,2021,Target Budget,YTD,Revenue,2020-12-31,Department of Revenue,36,Revenue
398,11045382,92261,2021,Actual,YTD,Revenue,2020-12-31,Department of Revenue,36,Revenue
436,22648673,404400,2021,Adopted Budget,Full Year,Revenue,2020-12-31,Department of Revenue,36,Revenue
436,22648673,169397,2021,Target Budget,Full Year,Revenue,2020-12-31,Department of Revenue,36,Revenue
436,22648673,169397,2021,Current Projection,Full Year,Revenue,2020-12-31,Department of Revenue,36,Revenue
364,27179518,5934927,2018,Actual,Full Year,Sheriff,2018-06-30,Office of the Sheriff,70,Sheriff
355,27638571,6163832,2019,Actual,Full Year,Sheriff,2019-06-30,Office of the Sheriff,70,Sheriff
385,28049726,4797577,2020,Actual,Full Year,Sheriff,2020-06-30,Office of the Sheriff,70,Sheriff
380,13192825,1342521,2021,Target Budget,YTD,Sheriff,2020-12-31,Office of the Sheriff,70,Sheriff
380,13192825,1435050,2021,Actual,YTD,Sheriff,2020-12-31,Office of the Sheriff,70,Sheriff
428,25192450,2685042,2021,Adopted Budget,Full Year,Sheriff,2020-12-31,Office of the Sheriff,70,Sheriff
428,25192450,2685042,2021,Target Budget,Full Year,Sheriff,2020-12-31,Office of the Sheriff,70,Sheriff
428,25192450,2785042,2021,Current Projection,Full Year,Sheriff,2020-12-31,Office of the Sheriff,70,Sheriff
1738,79636511,16200539,2018,Actual,Full Year,Streets,2018-06-30,Streets Department,12,Streets
1736,83603511,15557607,2019,Actual,Full Year,Streets,2019-06-30,Streets Department,12,Streets
1925,90344142,15039549,2020,Actual,Full Year,Streets,2020-06-30,Streets Department,12,Streets
1864,41163861,6428367,2021,Target Budget,YTD,Streets,2020-12-31,Streets Department,12,Streets
1864,41163861,6455663,2021,Actual,YTD,Streets,2020-12-31,Streets Department,12,Streets
1903,87283619,9060261,2021,Adopted Budget,Full Year,Streets,2020-12-31,Streets Department,12,Streets
1912,88909902,12856733,2021,Target Budget,Full Year,Streets,2020-12-31,Streets Department,12,Streets
1912,88909902,12856733,2021,Current Projection,Full Year,Streets,2020-12-31,Streets Department,12,Streets
